{"cameraMode":{"drawMode":0,"name":"Shaded","section":"Shading Mode"},"sceneLighting":false,"audioPlay":false,"sceneViewState":{"showFog":true,"showMaterialUpdate":false,"showSkybox":false,"showFlares":true,"showImageEffects":true,"showParticleSystems":true},"in2DMode":false,"pivot":{"x":10.645000457763672,"y":1.3040000200271607,"z":-0.3330000042915344},"rotation":{"x":0.026529811322689058,"y":0.9180477261543274,"z":-0.06234849989414215,"w":0.3906369209289551},"size":0.11667168140411377,"orthographic":false}