{"cameraMode":{"drawMode":0,"name":"Shaded","section":"Shading Mode"},"sceneLighting":false,"audioPlay":false,"sceneViewState":{"showFog":true,"showMaterialUpdate":false,"showSkybox":false,"showFlares":true,"showImageEffects":true,"showParticleSystems":true},"in2DMode":false,"pivot":{"x":7.188346862792969,"y":0.7298325300216675,"z":7.076391220092773},"rotation":{"x":-0.0034719915129244329,"y":-0.9877891540527344,"z":0.15416090190410615,"w":-0.022251594811677934},"size":4.113410949707031,"orthographic":false}