{"cameraMode":{"drawMode":0,"name":"Shaded","section":"Shading Mode"},"sceneLighting":true,"audioPlay":false,"sceneViewState":{"showFog":true,"showMaterialUpdate":false,"showSkybox":true,"showFlares":true,"showImageEffects":true,"showParticleSystems":true},"in2DMode":false,"pivot":{"x":-6.91234016418457,"y":3.9233016967773439,"z":101.57379150390625},"rotation":{"x":-0.1718606948852539,"y":-0.1328182965517044,"z":0.023392178118228914,"w":-0.9758463501930237},"size":115.49124145507813,"orthographic":false}