{"cameraMode":{"drawMode":0,"name":"Shaded","section":"Shading Mode"},"sceneLighting":false,"audioPlay":false,"sceneViewState":{"showFog":true,"showMaterialUpdate":false,"showSkybox":false,"showFlares":true,"showImageEffects":true,"showParticleSystems":true},"in2DMode":false,"pivot":{"x":7.314272880554199,"y":0.9509748816490173,"z":7.486341953277588},"rotation":{"x":0.08321893215179444,"y":0.15302538871765138,"z":-0.012934188358485699,"w":0.9846271276473999},"size":2.79424786567688,"orthographic":false}