{"cameraMode":{"drawMode":0,"name":"Shaded","section":"Shading Mode"},"sceneLighting":true,"audioPlay":false,"sceneViewState":{"showFog":true,"showMaterialUpdate":false,"showSkybox":true,"showFlares":true,"showImageEffects":true,"showParticleSystems":true},"in2DMode":false,"pivot":{"x":5.622674942016602,"y":1.3369979858398438,"z":-1.6255111694335938},"rotation":{"x":-0.29431042075157168,"y":-0.5581063628196716,"z":0.22085893154144288,"w":-0.7437204718589783},"size":22.0,"orthographic":false}