{"cameraMode":{"drawMode":0,"name":"Shaded","section":"Shading Mode"},"sceneLighting":true,"audioPlay":false,"sceneViewState":{"showFog":true,"showMaterialUpdate":false,"showSkybox":true,"showFlares":true,"showImageEffects":true,"showParticleSystems":true},"in2DMode":false,"pivot":{"x":5.399711608886719,"y":2.4095420837402345,"z":109.92910766601563},"rotation":{"x":0.04828980565071106,"y":0.007484696339815855,"z":-0.0003630206629168242,"w":0.9988053441047669},"size":184.82846069335938,"orthographic":false}