{"cameraMode":{"drawMode":0,"name":"Shaded","section":"Shading Mode"},"sceneLighting":true,"audioPlay":false,"sceneViewState":{"showFog":true,"showMaterialUpdate":false,"showSkybox":true,"showFlares":true,"showImageEffects":true,"showParticleSystems":true},"in2DMode":false,"pivot":{"x":2.143280506134033,"y":17.36436653137207,"z":28.56521987915039},"rotation":{"x":-0.10804211348295212,"y":0.03582276776432991,"z":-0.0038948424626141788,"w":-0.9934930801391602},"size":8.344614028930664,"orthographic":false}