{"cameraMode":{"drawMode":0,"name":"Shaded","section":"Shading Mode"},"sceneLighting":true,"audioPlay":false,"sceneViewState":{"showFog":true,"showMaterialUpdate":false,"showSkybox":true,"showFlares":true,"showImageEffects":true,"showParticleSystems":true},"in2DMode":false,"pivot":{"x":20.529544830322267,"y":-0.23009061813354493,"z":-10.142876625061036},"rotation":{"x":-0.1453126221895218,"y":0.1402106136083603,"z":-0.020806599408388139,"w":-0.9791794419288635},"size":11.154253005981446,"orthographic":false}