{"cameraMode":{"drawMode":0,"name":"Shaded","section":"Shading Mode"},"sceneLighting":false,"audioPlay":false,"sceneViewState":{"showFog":true,"showMaterialUpdate":false,"showSkybox":false,"showFlares":true,"showImageEffects":true,"showParticleSystems":true},"in2DMode":false,"pivot":{"x":0.0,"y":3.557000160217285,"z":0.8684999942779541},"rotation":{"x":0.026529811322689058,"y":0.9180477261543274,"z":-0.06234849989414215,"w":0.3906369209289551},"size":5.841071605682373,"orthographic":false}