{"cameraMode":{"drawMode":0,"name":"Shaded","section":"Shading Mode"},"sceneLighting":false,"audioPlay":false,"sceneViewState":{"showFog":true,"showMaterialUpdate":false,"showSkybox":false,"showFlares":true,"showImageEffects":true,"showParticleSystems":true},"in2DMode":false,"pivot":{"x":0.29880771040916445,"y":2.6960668563842775,"z":0.9045572280883789},"rotation":{"x":-0.09464246034622193,"y":0.02299119345843792,"z":-0.0021863249130547048,"w":-0.9952436685562134},"size":5.830154895782471,"orthographic":false}