{"cameraMode":{"drawMode":0,"name":"Shaded","section":"Shading Mode"},"sceneLighting":true,"audioPlay":false,"sceneViewState":{"showFog":true,"showMaterialUpdate":false,"showSkybox":true,"showFlares":true,"showImageEffects":true,"showParticleSystems":true},"in2DMode":false,"pivot":{"x":0.2409999966621399,"y":1.0625,"z":-0.050000011920928958},"rotation":{"x":0.00011715749860741198,"y":-0.9998622536659241,"z":0.015308883041143418,"w":0.007792121730744839},"size":7.9053449630737309,"orthographic":false}