{"cameraMode":{"drawMode":0,"name":"Shaded","section":"Shading Mode"},"sceneLighting":true,"audioPlay":false,"sceneViewState":{"showFog":true,"showMaterialUpdate":false,"showSkybox":true,"showFlares":true,"showImageEffects":true,"showParticleSystems":true},"in2DMode":false,"pivot":{"x":-0.34766948223114016,"y":11.898359298706055,"z":-0.017324447631835939},"rotation":{"x":-0.29724857211112978,"y":-0.0008621949818916619,"z":0.0002684206410776824,"w":-0.954800009727478},"size":13.607780456542969,"orthographic":false}