{"cameraMode":{"drawMode":0,"name":"Shaded","section":"Shading Mode"},"sceneLighting":true,"audioPlay":false,"sceneViewState":{"showFog":true,"showMaterialUpdate":false,"showSkybox":true,"showFlares":true,"showImageEffects":true,"showParticleSystems":true},"in2DMode":false,"pivot":{"x":75.15961456298828,"y":0.3098906874656677,"z":0.24001646041870118},"rotation":{"x":-0.10173708200454712,"y":-0.08733074367046356,"z":0.008966428227722645,"w":-0.9909316897392273},"size":2.2578840255737306,"orthographic":false}