{"cameraMode":{"drawMode":0,"name":"Shaded","section":"Shading Mode"},"sceneLighting":true,"audioPlay":false,"sceneViewState":{"showFog":true,"showMaterialUpdate":false,"showSkybox":true,"showFlares":true,"showImageEffects":true,"showParticleSystems":true},"in2DMode":false,"pivot":{"x":0.06116151809692383,"y":1.3565168380737305,"z":-0.7273745536804199},"rotation":{"x":-0.041064146906137469,"y":0.932854950428009,"z":-0.11277610808610916,"w":-0.3396722376346588},"size":6.0073957443237309,"orthographic":false}