{"cameraMode":{"drawMode":0,"name":"Shaded","section":"Shading Mode"},"sceneLighting":false,"audioPlay":false,"sceneViewState":{"showFog":true,"showMaterialUpdate":false,"showSkybox":false,"showFlares":true,"showImageEffects":true,"showParticleSystems":true},"in2DMode":false,"pivot":{"x":8.199999809265137,"y":1.8580000400543213,"z":-0.7299999594688416},"rotation":{"x":0.026529811322689058,"y":0.9180477261543274,"z":-0.06234849989414215,"w":0.3906369209289551},"size":0.2420247197151184,"orthographic":false}