{"cameraMode":{"drawMode":0,"name":"Shaded","section":"Shading Mode"},"sceneLighting":false,"audioPlay":false,"sceneViewState":{"showFog":true,"showMaterialUpdate":false,"showSkybox":false,"showFlares":true,"showImageEffects":true,"showParticleSystems":true},"in2DMode":false,"pivot":{"x":0.0,"y":0.27300000190734866,"z":19.889999389648439},"rotation":{"x":0.03991753235459328,"y":-0.9587823152542114,"z":0.22278358042240144,"w":0.17178627848625184},"size":61.4299430847168,"orthographic":false}