{"cameraMode":{"drawMode":0,"name":"Shaded","section":"Shading Mode"},"sceneLighting":false,"audioPlay":false,"sceneViewState":{"showFog":true,"showMaterialUpdate":false,"showSkybox":false,"showFlares":true,"showImageEffects":true,"showParticleSystems":true},"in2DMode":false,"pivot":{"x":1.3144152164459229,"y":1.5110946893692017,"z":-0.6851762533187866},"rotation":{"x":0.1669168770313263,"y":0.08387567847967148,"z":-0.014253397472202778,"w":0.9822934865951538},"size":3.8092691898345949,"orthographic":false}